epoch,train_reconstruction,train_sparsity,train_total,validation_reconstruction,validation_sparsity,validation_total
1,0.07907071307643748,23.803783523344393,0.10287449659978187,0.02626921915408556,13.852037025755678,0.04012125617984124
2,0.02587999013869676,10.045991101910783,0.035925981240607543,0.02590226729663771,7.31790254444506,0.03322016984108277
3,0.025743030027135294,5.836661237863819,0.03157969126499911,0.025849936593896523,4.626549736869856,0.030476486330766377
4,0.025623387444441235,3.83282017339422,0.029456207617835455,0.025616905702387584,3.133690653553045,0.02875059635594063
5,0.025177973157561675,2.630364749375031,0.027808337906936705,0.024643656137828807,2.1883606451964694,0.026832016783025277
6,0.021982381241206262,1.9679842665014715,0.023950365507707735,0.01932707291301446,1.8104082461688278,0.021137481159183288
7,0.01825369177688673,1.6341782329768144,0.019887870009863546,0.01750110567464322,1.4778832359151097,0.01897898891055833
8,0.016419048006253167,1.383200782608911,0.01780224878886208,0.015228676739337888,1.293148361799613,0.0165218251011375
9,0.013646427773374138,1.2300447097541054,0.014876472483128244,0.012176614572104965,1.1557296276183011,0.013332344199723265
10,0.011369120600027836,1.0735950923038133,0.01244271569233165,0.010639005375909397,0.9719701087814129,0.01161097548469081
11,0.010108070987556988,0.906543574821654,0.011014614562378643,0.00958967870111936,0.8499835339578777,0.010439662235077238
12,0.009135866135045122,0.800270351805786,0.009936136486850908,0.00877839481991767,0.7514891573600118,0.009529883977277682
13,0.00838503165622601,0.7104068674031155,0.009095438523629125,0.008169329622707399,0.6636901179527196,0.00883301974066012
14,0.00782542860081842,0.6241317091409146,0.008449560309959334,0.007735378351734078,0.5745855223295585,0.008309963874063636
15,0.007380154833532034,0.5507152776797559,0.00793087011121179,0.0072978340514866635,0.5093794631279397,0.007807213514614603
16,0.007044310302197408,0.479073614751689,0.007523383916949097,0.0070318269926835505,0.4424940705141035,0.007474321063197654
17,0.0068179461385726526,0.4133300084702332,0.007231276147042886,0.006842268334747605,0.3829869557874705,0.007225255290535075
18,0.006648725824974191,0.3579190312779696,0.0070066448562521606,0.0067077016946373675,0.333719528099165,0.007041421222736532
19,0.0065168861959651455,0.3099032885231648,0.00682678948448831,0.006580540050047342,0.2844121072912126,0.006864952157338555
20,0.006404634882241211,0.26667239803491405,0.006671307280276125,0.006482434384030002,0.2454234319144906,0.006727857815944493
21,0.006295939250850778,0.23331007792830974,0.006529249328779088,0.006358687274928507,0.21667689497602055,0.006575364169904527
22,0.006175586272305129,0.20556323729234066,0.00638114950959747,0.006232751191715644,0.19113666316815978,0.006423887854883804
23,0.0060489353894407185,0.18121278119084117,0.00623014817063156,0.006117709360069523,0.17007640611514646,0.006287785766184669
24,0.00594248280101971,0.16083964558663605,0.006103322446606346,0.006016100167210233,0.14935184697159326,0.006165452014181827
25,0.00584271329192212,0.14169149766692563,0.005984404789589046,0.0059361695627234805,0.12807521832283353,0.006064244781046314
26,0.0057520266042040405,0.1254738794974147,0.0058775004837014555,0.005839497399829201,0.12020794788280068,0.005959705347712002
27,0.0056531106039538264,0.11239417213735416,0.00576550477609118,0.005705821945330224,0.10354645933948839,0.005809368404669712
28,0.0055570862525263776,0.10039999972335054,0.005657486252249728,0.005645810691197977,0.09272250415421528,0.0057385331953521915
29,0.005484170485002817,0.08935886662290358,0.0055735293516257205,0.005572111725425472,0.0821902564145356,0.005654301981840007
30,0.005419473512667854,0.08188607069327854,0.005501359583361132,0.005524152705597866,0.07599666980796792,0.005600149375405834
31,0.005362712339510236,0.07513764535531406,0.00543784998486555,0.005456907371769481,0.06842998106237606,0.0055253373528318574
32,0.005310086736950026,0.06838815016543104,0.005378474887115457,0.0054098261161521785,0.06438035329050991,0.005474206469442688
33,0.005262521858274996,0.06326262970863672,0.005325784487983633,0.005357912109468479,0.057636893864374684,0.0054155490033328535
34,0.005218863951200774,0.05803017452546067,0.005276894125726235,0.0053246497972894895,0.053145583250490944,0.00537779538053998
35,0.005179143210166832,0.05373371140738571,0.005232876921574217,0.005285993450209922,0.049532210322722536,0.005335525660532645
36,0.005144419444468035,0.0497743245018207,0.005194193768969856,0.005249310499675699,0.045492564322995956,0.005294803063998695
37,0.005111726748893503,0.04640121604151806,0.005158127964935021,0.005220404750609194,0.044002034897143744,0.005264406785506338
38,0.005081433498289811,0.04385603680549638,0.005125289535095307,0.005189555419478176,0.038746539520583975,0.00522830195899876
39,0.0050527527674621075,0.04054641736708684,0.005093299184829194,0.005166698172370385,0.035996389952850524,0.005202694562323236
40,0.005033461233920206,0.03797476036363134,0.005071435994283837,0.005134930834845698,0.033806302277989815,0.005168737137123688
41,0.005004062180660425,0.03532930075360272,0.005039391481414027,0.005139686492089698,0.030631309901514362,0.005170317801991213
42,0.00498319834106618,0.03293245917766042,0.0050161308002438405,0.005126660001239752,0.03065878506403494,0.005157318786303787
43,0.004962602991480067,0.03183264882977548,0.004994435640309843,0.0050786420202105385,0.02935782622270272,0.005107999846433241
44,0.0049437761788291654,0.02969701741683231,0.004973473196245998,0.005049943564074428,0.026831809200869566,0.005076775373275297
45,0.004925568473096093,0.02758405163812179,0.004953152524734214,0.005047087447374946,0.024685777020154686,0.0050717732243951005
46,0.004914867189936394,0.026124442699665934,0.0049409916326360595,0.00502883440434961,0.023367109876090707,0.0050522015142257
47,0.00489453001552274,0.024824198162841593,0.004919354213685581,0.005005568024124491,0.022014246861073956,0.005027582270985565
48,0.004880137798908975,0.023545893881406887,0.004903683692790382,0.004987159157224862,0.021048993278839103,0.005008208150503702
49,0.004863741721825406,0.022153724611059515,0.004885895446436465,0.004974418829956871,0.01930512988717212,0.004993723959844043
50,0.0048481217466500295,0.020473387272160293,0.00486859513392219,0.004992969549725812,0.017509532658492817,0.005010479082384304
